orderId,dateCreated,status
1,1594953048754,COMPLETE
2,1525563042045,COMPLETE
3,1574907261213,COMPLETE
4,1521253547510,COMPLETE
5,1573035439663,COMPLETE
6,1523128656102,COMPLETE
7,1521861287377,COMPLETE
8,1524060190986,COMPLETE
9,1575590926651,COMPLETE
10,1531975818743,COMPLETE
11,1521916585341,COMPLETE
12,1578049526940,COMPLETE
13,1524452239137,COMPLETE
14,1576169288924,COMPLETE
15,1585352579768,COMPLETE
16,1571116501378,COMPLETE
17,1567717111756,COMPLETE
18,1540923513852,COMPLETE
19,1597774129470,COMPLETE
20,1532905151046,COMPLETE
21,1590445590319,COMPLETE
22,1548868382055,COMPLETE
23,1573760894657,COMPLETE
24,1592692889609,COMPLETE
25,1543675462390,COMPLETE
26,1529680424636,COMPLETE
27,1537853602015,COMPLETE
28,1537218234701,COMPLETE
29,1541935384905,COMPLETE
30,1606887727894,COMPLETE
31,1599450639059,COMPLETE
32,1601169025255,COMPLETE
33,1597358486036,COMPLETE
34,1553200107582,COMPLETE
35,1518792795092,COMPLETE
36,1607807980181,COMPLETE
37,1571269501699,COMPLETE
38,1599429994753,COMPLETE
39,1577797205058,COMPLETE
40,1567485324730,COMPLETE
41,1613436879556,COMPLETE
42,1554939316721,COMPLETE
43,1580858043989,COMPLETE
44,1519192853982,COMPLETE
45,1538864975507,COMPLETE
46,1612829890450,COMPLETE
47,1540677738057,COMPLETE
48,1607462604035,COMPLETE
49,1573804688955,COMPLETE
50,1520880504685,COMPLETE
51,1521768181351,COMPLETE
52,1559938767167,COMPLETE
53,1584962467492,COMPLETE
54,1579246822710,COMPLETE
55,1554327581530,COMPLETE
56,1559375727980,COMPLETE
57,1587859994748,COMPLETE
58,1564356936888,COMPLETE
59,1525764422788,COMPLETE
60,1548451251205,COMPLETE
61,1565408588363,COMPLETE
62,1549959624479,COMPLETE
63,1599083872219,COMPLETE
64,1596759081696,COMPLETE
65,1528889074075,COMPLETE
66,1530457960748,COMPLETE
67,1590824556573,COMPLETE
68,1517085573883,COMPLETE
69,1605513218436,COMPLETE
70,1578422455736,COMPLETE
71,1558377717855,COMPLETE
72,1520006720627,COMPLETE
73,1541589890902,COMPLETE
74,1578031192858,COMPLETE
75,1599522489198,COMPLETE
76,1572999226915,COMPLETE
77,1602841868900,COMPLETE
78,1533426329503,COMPLETE
79,1542507233225,COMPLETE
80,1559447882283,COMPLETE
81,1577621809306,COMPLETE
82,1597106098387,COMPLETE
83,1608437354025,COMPLETE
84,1548739252284,COMPLETE
85,1544971731468,COMPLETE
86,1604985743799,COMPLETE
87,1589282840714,COMPLETE
88,1580044053775,COMPLETE
89,1525651204183,COMPLETE
90,1522950770833,COMPLETE
91,1534523466674,COMPLETE
92,1590228450109,COMPLETE
93,1556519639590,COMPLETE
94,1558824041323,COMPLETE
95,1580809106270,COMPLETE
96,1548877381892,COMPLETE
97,1592872559669,COMPLETE
98,1535767737030,COMPLETE
99,1539445266101,COMPLETE
100,1581944800427,COMPLETE
101,1582597826923,COMPLETE
102,1525138440265,COMPLETE
103,1525874948252,COMPLETE
104,1525042036383,COMPLETE
105,1516669162648,COMPLETE
106,1543287291230,COMPLETE
107,1532240896094,COMPLETE
108,1574657435469,COMPLETE
109,1579285252194,COMPLETE
110,1567267609791,COMPLETE
111,1544493805708,COMPLETE
112,1606900219317,COMPLETE
113,1595533138742,COMPLETE
114,1546769029296,COMPLETE
115,1579663684747,COMPLETE
116,1589452907412,COMPLETE
117,1611569551092,COMPLETE
118,1600253570144,COMPLETE
119,1610002813930,COMPLETE
120,1540000641643,COMPLETE
121,1531347639153,COMPLETE
122,1535424767779,COMPLETE
123,1553830825788,COMPLETE
124,1596944953599,COMPLETE
125,1574027151325,COMPLETE
126,1609631759875,COMPLETE
127,1589692749438,COMPLETE
128,1563605203133,COMPLETE
129,1595311447878,COMPLETE
130,1545509446318,COMPLETE
131,1588336816886,COMPLETE
132,1580700539635,COMPLETE
133,1522050926516,COMPLETE
134,1592736306996,COMPLETE
135,1573907090451,COMPLETE
136,1561540202345,COMPLETE
137,1601964988051,COMPLETE
138,1578241406123,COMPLETE
139,1593440392398,COMPLETE
140,1566129752540,COMPLETE
141,1517180886893,COMPLETE
142,1586056856966,COMPLETE
143,1557013462672,COMPLETE
144,1561446341209,COMPLETE
145,1528958430325,COMPLETE
146,1569820759931,COMPLETE
147,1543095795594,COMPLETE
148,1608774174161,COMPLETE
149,1583660928451,COMPLETE
150,1571728903547,COMPLETE
151,1553702669750,COMPLETE
152,1582677691422,COMPLETE
153,1577790658135,COMPLETE
154,1555369002318,COMPLETE
155,1522682697061,COMPLETE
156,1594104309171,COMPLETE
157,1555309373585,COMPLETE
158,1569903445037,COMPLETE
159,1515945211563,COMPLETE
160,1576658361618,COMPLETE
161,1612604525171,COMPLETE
162,1583838516850,COMPLETE
163,1520479677116,COMPLETE
164,1555519552229,COMPLETE
165,1560712363352,COMPLETE
166,1595102110111,COMPLETE
167,1523831708247,COMPLETE
168,1530821954647,COMPLETE
169,1595981731936,COMPLETE
170,1538495702695,COMPLETE
171,1525451860589,COMPLETE
172,1563646723078,COMPLETE
173,1528076000087,COMPLETE
174,1571672105216,COMPLETE
175,1600921660810,COMPLETE
176,1594499489386,COMPLETE
177,1534288820826,COMPLETE
178,1607087154104,COMPLETE
179,1564006919344,COMPLETE
180,1553496723620,COMPLETE
181,1579103830167,COMPLETE
182,1571024279988,COMPLETE
183,1534504208726,COMPLETE
184,1530052508207,COMPLETE
185,1585403439116,COMPLETE
186,1528228802829,COMPLETE
187,1556535948602,COMPLETE
188,1557275321048,COMPLETE
189,1522165175071,COMPLETE
190,1598906454589,COMPLETE
191,1559251069375,COMPLETE
192,1568664679465,COMPLETE
193,1599883083908,COMPLETE
194,1551143110827,COMPLETE
195,1549276399345,COMPLETE
196,1516875517991,COMPLETE
197,1581474179460,COMPLETE
198,1596159127653,COMPLETE
199,1554743390913,COMPLETE
200,1554594255045,COMPLETE
201,1519134864600,COMPLETE
202,1526588967674,COMPLETE
203,1601527562630,COMPLETE
204,1557831593054,COMPLETE
205,1529402531620,COMPLETE
206,1613795377991,COMPLETE
207,1548133162968,COMPLETE
208,1533992425080,COMPLETE
209,1539220774742,COMPLETE
210,1521762709613,COMPLETE
211,1544267860619,COMPLETE
212,1556564355555,COMPLETE
213,1525369806509,COMPLETE
214,1516568825350,COMPLETE
215,1597862187018,COMPLETE
216,1597275451474,COMPLETE
217,1599067680320,COMPLETE
218,1611903959749,COMPLETE
219,1515428551075,COMPLETE
220,1602888367921,COMPLETE
221,1578988597966,COMPLETE
222,1534587302326,COMPLETE
223,1522845991813,COMPLETE
224,1598085370911,COMPLETE
225,1516202166006,COMPLETE
226,1561308433105,COMPLETE
227,1527568170438,COMPLETE
228,1532464851390,COMPLETE
229,1553353477960,COMPLETE
230,1587812257974,COMPLETE
231,1580879158012,COMPLETE
232,1613006294812,COMPLETE
233,1525619356100,COMPLETE
234,1613733174850,COMPLETE
235,1532833053162,COMPLETE
236,1523246074573,COMPLETE
237,1611621482375,COMPLETE
238,1543271901739,COMPLETE
239,1535006082769,COMPLETE
240,1536818344894,COMPLETE
241,1602730849749,COMPLETE
242,1559987640069,COMPLETE
243,1523200047610,COMPLETE
244,1515356764479,COMPLETE
245,1538519696844,COMPLETE
246,1552206739744,COMPLETE
247,1529885321964,COMPLETE
248,1589972130622,COMPLETE
249,1559414590128,COMPLETE
250,1558804068991,COMPLETE
251,1560102933314,COMPLETE
252,1597184222580,COMPLETE
253,1608811491851,COMPLETE
254,1556086547063,COMPLETE
255,1575928436887,COMPLETE
256,1537983393934,COMPLETE
257,1566837153729,COMPLETE
258,1594832172656,COMPLETE
259,1598620359915,COMPLETE
260,1529475024564,COMPLETE
261,1559753954102,COMPLETE
262,1575965808707,COMPLETE
263,1595825397586,COMPLETE
264,1567624676298,COMPLETE
265,1574358606196,COMPLETE
266,1515744408493,COMPLETE
267,1586550009147,COMPLETE
268,1543594997286,COMPLETE
269,1609159031898,COMPLETE
270,1552449619881,COMPLETE
271,1597123911422,COMPLETE
272,1521358017190,COMPLETE
273,1581420630361,COMPLETE
274,1548803726802,COMPLETE
275,1534986447230,COMPLETE
276,1573606561063,COMPLETE
277,1564810646351,COMPLETE
278,1561507863348,COMPLETE
279,1558345623298,COMPLETE
280,1517811497558,COMPLETE
281,1558988658257,COMPLETE
282,1564977287270,COMPLETE
283,1549628366026,COMPLETE
284,1518093133227,COMPLETE
285,1586094687226,COMPLETE
286,1573987059847,COMPLETE
287,1550138842596,COMPLETE
288,1562713747867,COMPLETE
289,1517386863983,COMPLETE
290,1610871286393,COMPLETE
291,1606167419787,COMPLETE
292,1526133494484,COMPLETE
293,1574708861419,COMPLETE
294,1560349917627,COMPLETE
295,1554573634592,COMPLETE
296,1538615874294,COMPLETE
297,1601774140456,COMPLETE
298,1584240249323,COMPLETE
299,1560129070209,COMPLETE
300,1608312340170,COMPLETE
301,1563277150975,COMPLETE
302,1524465509162,COMPLETE
303,1536774317683,COMPLETE
304,1555154759958,COMPLETE
305,1604094312288,COMPLETE
306,1603255262229,COMPLETE
307,1548726750487,COMPLETE
308,1570227689976,COMPLETE
309,1548499637092,COMPLETE
310,1590833824917,COMPLETE
311,1591317445819,COMPLETE
312,1575991110347,COMPLETE
313,1550648296281,COMPLETE
314,1580933460805,COMPLETE
315,1539599956894,COMPLETE
316,1589845779779,COMPLETE
317,1521773629841,COMPLETE
318,1594275678746,COMPLETE
319,1591418481459,COMPLETE
320,1548353578280,COMPLETE
321,1605962804401,COMPLETE
322,1602424812506,COMPLETE
323,1531823923483,COMPLETE
324,1606940625343,COMPLETE
325,1537662237128,COMPLETE
326,1586622400583,COMPLETE
327,1611412102639,COMPLETE
328,1593794655923,COMPLETE
329,1550611096196,COMPLETE
330,1525063424009,COMPLETE
331,1613612739504,COMPLETE
332,1591432860017,COMPLETE
333,1609306946039,COMPLETE
334,1546498446525,COMPLETE
335,1583027223915,COMPLETE
336,1574301438376,COMPLETE
337,1549577673749,COMPLETE
338,1570825922929,COMPLETE
339,1561459299330,COMPLETE
340,1526894032673,COMPLETE
341,1586179923142,COMPLETE
342,1593348081590,COMPLETE
343,1539397861788,COMPLETE
344,1518079735709,COMPLETE
345,1538960319341,COMPLETE
346,1560536116138,COMPLETE
347,1559875649335,COMPLETE
348,1609803668214,COMPLETE
349,1598339092375,COMPLETE
350,1533039339413,COMPLETE
351,1570148835301,COMPLETE
352,1556830494192,COMPLETE
353,1560823560499,COMPLETE
354,1564510744196,COMPLETE
355,1591937535955,COMPLETE
356,1556065373659,COMPLETE
357,1555995273655,COMPLETE
358,1524477679916,COMPLETE
359,1515786784458,COMPLETE
360,1558372386470,COMPLETE
361,1592241983682,COMPLETE
362,1561131463911,COMPLETE
363,1567666395616,COMPLETE
364,1555509462192,COMPLETE
365,1572267920136,COMPLETE
366,1517078362904,COMPLETE
367,1571476908527,COMPLETE
368,1547201192639,COMPLETE
369,1542519790977,COMPLETE
370,1590604515065,COMPLETE
371,1529798630874,COMPLETE
372,1590343889524,COMPLETE
373,1540999941350,COMPLETE
374,1517176542838,COMPLETE
375,1606760983032,COMPLETE
376,1518173417844,COMPLETE
377,1575899285840,COMPLETE
378,1523396898413,COMPLETE
379,1604369557846,COMPLETE
380,1545116298188,COMPLETE
381,1604362898346,COMPLETE
382,1608258776038,COMPLETE
383,1531719181624,COMPLETE
384,1532901503407,COMPLETE
385,1606414098610,COMPLETE
386,1520786532016,COMPLETE
387,1609599021614,COMPLETE
388,1566586620660,COMPLETE
389,1592568491957,COMPLETE
390,1532447937995,COMPLETE
391,1602032408241,COMPLETE
392,1600104473329,COMPLETE
393,1559134517498,COMPLETE
394,1517404950333,COMPLETE
395,1519028472062,COMPLETE
396,1614383622631,COMPLETE
397,1542499506820,COMPLETE
398,1596261580680,COMPLETE
399,1613596792600,COMPLETE
400,1597398187531,COMPLETE
401,1614537756315,COMPLETE
402,1573113561710,COMPLETE
403,1528360707227,COMPLETE
404,1609999557060,COMPLETE
405,1552499808153,COMPLETE
406,1606707636019,COMPLETE
407,1520476590274,COMPLETE
408,1594923938570,COMPLETE
409,1612797475212,COMPLETE
410,1532022129919,COMPLETE
411,1560944300555,COMPLETE
412,1524322182833,COMPLETE
413,1566346779388,COMPLETE
414,1544285171166,COMPLETE
415,1525935710875,COMPLETE
416,1557834495630,COMPLETE
417,1582220013375,COMPLETE
418,1575609898760,COMPLETE
419,1567408575241,COMPLETE
420,1526531322468,COMPLETE
421,1559328845697,COMPLETE
422,1614050150054,COMPLETE
423,1602250823879,COMPLETE
424,1576300282004,COMPLETE
425,1574537969165,COMPLETE
426,1576518033833,COMPLETE
427,1579233007214,COMPLETE
428,1576720306053,COMPLETE
429,1573836250320,COMPLETE
430,1612332246453,COMPLETE
431,1574379902697,COMPLETE
432,1607499234392,COMPLETE
433,1578798222027,COMPLETE
434,1612919020536,COMPLETE
435,1611159082662,COMPLETE
436,1553415822581,COMPLETE
437,1523988249165,COMPLETE
438,1607216274190,COMPLETE
439,1529291531374,COMPLETE
440,1548883451063,COMPLETE
441,1591561157067,COMPLETE
442,1537623484691,COMPLETE
443,1564010361038,COMPLETE
444,1609746088372,COMPLETE
445,1574015984894,COMPLETE
446,1563892756752,COMPLETE
447,1562081481752,COMPLETE
448,1569005728192,COMPLETE
449,1519956016439,COMPLETE
450,1532487496050,COMPLETE
451,1527666111086,COMPLETE
452,1523723781960,COMPLETE
453,1549300401836,COMPLETE
454,1519792262514,COMPLETE
455,1547022854958,COMPLETE
456,1563339983888,COMPLETE
457,1540693999680,COMPLETE
458,1589165441612,COMPLETE
459,1533178235265,COMPLETE
460,1579142601392,COMPLETE
461,1555701325106,COMPLETE
462,1571378200530,COMPLETE
463,1588780938814,COMPLETE
464,1515095930214,COMPLETE
465,1542678298981,COMPLETE
466,1542768051179,COMPLETE
467,1560700935600,COMPLETE
468,1600038621495,COMPLETE
469,1516188355158,COMPLETE
470,1593415147770,COMPLETE
471,1524513233838,COMPLETE
472,1563474339409,COMPLETE
473,1547120458966,COMPLETE
474,1558727171958,COMPLETE
475,1556745196945,COMPLETE
476,1600968085909,COMPLETE
477,1542510713488,COMPLETE
478,1597774184731,COMPLETE
479,1526831170988,COMPLETE
480,1536251581970,COMPLETE
481,1613291642769,COMPLETE
482,1579243720136,COMPLETE
483,1572438391611,COMPLETE
484,1550511358558,COMPLETE
485,1523554663236,COMPLETE
486,1538118125699,COMPLETE
487,1578022114691,COMPLETE
488,1538896782514,COMPLETE
489,1577068513631,COMPLETE
490,1562883682129,COMPLETE
491,1604843209063,COMPLETE
492,1603577292603,COMPLETE
493,1590244910514,COMPLETE
494,1536854014914,COMPLETE
495,1610953508075,COMPLETE
496,1558232636812,COMPLETE
497,1610555301909,COMPLETE
498,1529758543904,COMPLETE
499,1555323280985,COMPLETE
500,1524691612201,COMPLETE
501,1529904470125,COMPLETE
502,1575868801607,COMPLETE
503,1597201302458,COMPLETE
504,1560739715840,COMPLETE
505,1548228559754,COMPLETE
506,1566450596756,COMPLETE
507,1557444276985,COMPLETE
508,1580777742967,COMPLETE
509,1560304049538,COMPLETE
510,1593304928266,COMPLETE
511,1582794453902,COMPLETE
512,1531066279706,COMPLETE
513,1517415939476,COMPLETE
514,1523357665358,COMPLETE
515,1522302887455,COMPLETE
516,1542655265970,COMPLETE
517,1551803985677,COMPLETE
518,1562415509679,COMPLETE
519,1547394338195,COMPLETE
520,1557819860426,COMPLETE
521,1522075581459,COMPLETE
522,1578341509277,COMPLETE
523,1518684151214,COMPLETE
524,1556513614574,COMPLETE
525,1584017492571,COMPLETE
526,1519105256374,COMPLETE
527,1532814544180,COMPLETE
528,1553746369685,COMPLETE
529,1525954790456,COMPLETE
530,1558210736565,COMPLETE
531,1563061326527,COMPLETE
532,1536343141396,COMPLETE
533,1538393707864,COMPLETE
534,1572069181002,COMPLETE
535,1580609930847,COMPLETE
536,1586078484497,COMPLETE
537,1578258314862,COMPLETE
538,1597920694521,COMPLETE
539,1572620218877,COMPLETE
540,1602352660225,COMPLETE
541,1529309674730,COMPLETE
542,1602541110998,COMPLETE
543,1539466406062,COMPLETE
544,1568479753670,COMPLETE
545,1549919549182,COMPLETE
546,1519885485459,COMPLETE
547,1566076480874,COMPLETE
548,1582421824148,COMPLETE
549,1525703796630,COMPLETE
550,1549589584988,COMPLETE
551,1544283132472,COMPLETE
552,1563627716115,COMPLETE
553,1590084070702,COMPLETE
554,1534707283222,COMPLETE
555,1547804462885,COMPLETE
556,1528575099577,COMPLETE
557,1571098092320,COMPLETE
558,1551939115437,COMPLETE
559,1536451749960,COMPLETE
560,1591686412189,COMPLETE
561,1536380396637,COMPLETE
562,1546509323247,COMPLETE
563,1562814536975,COMPLETE
564,1535448929773,COMPLETE
565,1532822743691,COMPLETE
566,1528478497321,COMPLETE
567,1579234044011,COMPLETE
568,1554639256105,COMPLETE
569,1578927328203,COMPLETE
570,1570949861553,COMPLETE
571,1583336800929,COMPLETE
572,1566917423380,COMPLETE
573,1518406760774,COMPLETE
574,1610396686223,COMPLETE
575,1576569074489,COMPLETE
576,1591762389312,COMPLETE
577,1516018308788,COMPLETE
578,1539674693474,COMPLETE
579,1546723817802,COMPLETE
580,1580708800915,COMPLETE
581,1552018460773,COMPLETE
582,1546126495818,COMPLETE
583,1530058116105,COMPLETE
584,1528641928373,COMPLETE
585,1517138030514,COMPLETE
586,1588054048768,COMPLETE
587,1521166552391,COMPLETE
588,1524003061953,COMPLETE
589,1590554546019,COMPLETE
590,1568529681104,COMPLETE
591,1545167089674,COMPLETE
592,1516303202198,COMPLETE
593,1592280693201,COMPLETE
594,1552731042081,COMPLETE
595,1608744659181,COMPLETE
596,1612325933893,COMPLETE
597,1535184440718,COMPLETE
598,1549340771949,COMPLETE
599,1553436409659,COMPLETE
600,1523981446665,COMPLETE
601,1517521770643,COMPLETE
602,1538862574278,COMPLETE
603,1608054868240,COMPLETE
604,1526854486833,COMPLETE
605,1543055301128,COMPLETE
606,1543574493814,COMPLETE
607,1570090497230,COMPLETE
608,1520014211981,COMPLETE
609,1547471862945,COMPLETE
610,1598284133540,COMPLETE
611,1575446681141,COMPLETE
612,1578985224699,COMPLETE
613,1581963534603,COMPLETE
614,1609260616578,COMPLETE
615,1580673427274,COMPLETE
616,1533834305463,COMPLETE
617,1569415399839,COMPLETE
618,1588436763510,COMPLETE
619,1527575694011,COMPLETE
620,1518908698860,COMPLETE
621,1605739174849,COMPLETE
622,1546675028314,COMPLETE
623,1586538872655,COMPLETE
624,1589677063482,COMPLETE
625,1576467245017,COMPLETE
626,1594464853513,COMPLETE
627,1595179339407,COMPLETE
628,1597251190217,COMPLETE
629,1533307070830,COMPLETE
630,1542269501365,COMPLETE
631,1583388534577,COMPLETE
632,1519331751771,COMPLETE
633,1550068013492,COMPLETE
634,1546491716633,COMPLETE
635,1537041791521,COMPLETE
636,1540727911781,COMPLETE
637,1520681625689,COMPLETE
638,1611751089504,COMPLETE
639,1537179426453,COMPLETE
640,1547545164109,COMPLETE
641,1518793651376,COMPLETE
642,1515610328723,COMPLETE
643,1535592281499,COMPLETE
644,1608646207505,COMPLETE
645,1534544086714,COMPLETE
646,1611203440640,COMPLETE
647,1537593729379,COMPLETE
648,1523381381800,COMPLETE
649,1570745157158,COMPLETE
650,1548243351452,COMPLETE
651,1595858842617,COMPLETE
652,1559465400134,COMPLETE
653,1604641669104,COMPLETE
654,1589531474518,COMPLETE
655,1573389422617,COMPLETE
656,1520384058910,COMPLETE
657,1582184616061,COMPLETE
658,1580785574694,COMPLETE
659,1589477437767,COMPLETE
660,1547520407557,COMPLETE
661,1589733819109,COMPLETE
662,1598738034380,COMPLETE
663,1603413858831,COMPLETE
664,1597102422068,COMPLETE
665,1564010737029,COMPLETE
666,1560712713107,COMPLETE
667,1582239044623,COMPLETE
668,1582493172559,COMPLETE
669,1589918435205,COMPLETE
670,1554284338576,COMPLETE
671,1562386690416,COMPLETE
672,1576916825155,COMPLETE
673,1549494490087,COMPLETE
674,1538952799470,COMPLETE
675,1547739192656,COMPLETE
676,1543565280081,COMPLETE
677,1567118945265,COMPLETE
678,1597558964601,COMPLETE
679,1572324601022,COMPLETE
680,1548219516803,COMPLETE
681,1535506894522,COMPLETE
682,1612467817743,COMPLETE
683,1602849856543,COMPLETE
684,1528790287587,COMPLETE
685,1572455332493,COMPLETE
686,1553569686756,COMPLETE
687,1607695996079,COMPLETE
688,1600640701972,COMPLETE
689,1585014806302,COMPLETE
690,1535885254390,COMPLETE
691,1519860199351,COMPLETE
692,1556476398695,COMPLETE
693,1522800511305,COMPLETE
694,1540004497655,COMPLETE
695,1542173997464,COMPLETE
696,1517815258496,COMPLETE
697,1522429428750,COMPLETE
698,1614104252486,COMPLETE
699,1595421399640,COMPLETE
700,1594959301356,COMPLETE
701,1578252243404,COMPLETE
702,1541245527814,COMPLETE
703,1556335405313,COMPLETE
704,1590157363024,COMPLETE
705,1541290730891,COMPLETE
706,1547984182638,COMPLETE
707,1532076803663,COMPLETE
708,1590470308378,COMPLETE
709,1583709840189,COMPLETE
710,1601253198899,COMPLETE
711,1545896147333,COMPLETE
712,1604578416562,COMPLETE
713,1564740945993,COMPLETE
714,1583078559855,COMPLETE
715,1545241152931,COMPLETE
716,1532240259497,COMPLETE
717,1590130634964,COMPLETE
718,1533776617782,COMPLETE
719,1529465691374,COMPLETE
720,1573338824335,COMPLETE
721,1591388175424,COMPLETE
722,1556605370141,COMPLETE
723,1541040979868,COMPLETE
724,1581237649130,COMPLETE
725,1530362173197,COMPLETE
726,1556465805990,COMPLETE
727,1583418999697,COMPLETE
728,1578728045784,COMPLETE
729,1522154802784,COMPLETE
730,1614448905931,COMPLETE
731,1563336704351,COMPLETE
732,1544780893865,COMPLETE
733,1586935303778,COMPLETE
734,1585965652946,COMPLETE
735,1549859923129,COMPLETE
736,1598970913101,COMPLETE
737,1534963713209,COMPLETE
738,1537578247671,COMPLETE
739,1534371974392,COMPLETE
740,1545354170530,COMPLETE
741,1564254404075,COMPLETE
742,1586904861819,COMPLETE
743,1588955239667,COMPLETE
744,1555305210622,COMPLETE
745,1557165965492,COMPLETE
746,1535696049656,COMPLETE
747,1521057366448,COMPLETE
748,1547956795927,COMPLETE
749,1538446478621,COMPLETE
750,1554840269252,COMPLETE
751,1575567607867,COMPLETE
752,1606561072344,COMPLETE
753,1529099935751,COMPLETE
754,1560455806273,COMPLETE
755,1554737012630,COMPLETE
756,1589377602723,COMPLETE
757,1587914989355,COMPLETE
758,1534703669440,COMPLETE
759,1561451182306,COMPLETE
760,1555289076466,COMPLETE
761,1525188930007,COMPLETE
762,1592516764483,COMPLETE
763,1581443276196,COMPLETE
764,1524836950889,COMPLETE
765,1585547869487,COMPLETE
766,1560265712788,COMPLETE
767,1582294656912,COMPLETE
768,1542264056742,COMPLETE
769,1594701831307,COMPLETE
770,1586081857812,COMPLETE
771,1579447805315,COMPLETE
772,1527738821413,COMPLETE
773,1605806702625,COMPLETE
774,1587990620911,COMPLETE
775,1543723312784,COMPLETE
776,1570987213158,COMPLETE
777,1545173705189,COMPLETE
778,1609876893172,COMPLETE
779,1604059295739,COMPLETE
780,1578054214101,COMPLETE
781,1581214941831,COMPLETE
782,1600330890729,COMPLETE
783,1594623451042,COMPLETE
784,1601496103511,COMPLETE
785,1614139189584,COMPLETE
786,1532526619089,COMPLETE
787,1550884635402,COMPLETE
788,1523471571305,COMPLETE
789,1596499278078,COMPLETE
790,1585649057432,COMPLETE
791,1605919384480,COMPLETE
792,1546682521921,COMPLETE
793,1551274443091,COMPLETE
794,1593334651288,COMPLETE
795,1603990001436,COMPLETE
796,1588044028619,COMPLETE
797,1591618221476,COMPLETE
798,1594584075434,COMPLETE
799,1523885875174,COMPLETE
800,1591566530642,COMPLETE
801,1550963462848,COMPLETE
802,1516037693338,COMPLETE
803,1562602714771,COMPLETE
804,1551014313235,COMPLETE
805,1519863865020,COMPLETE
806,1613503193664,COMPLETE
807,1597398216124,COMPLETE
808,1541024569423,COMPLETE
809,1532009669003,COMPLETE
810,1609777090887,COMPLETE
811,1604544380020,COMPLETE
812,1592219142903,COMPLETE
813,1551735945932,COMPLETE
814,1582770852926,COMPLETE
815,1599818461101,COMPLETE
816,1534819006449,COMPLETE
817,1574369060054,COMPLETE
818,1581254591427,COMPLETE
819,1575194421277,COMPLETE
820,1532890612948,COMPLETE
821,1536506204948,COMPLETE
822,1516786509539,COMPLETE
823,1588290694970,COMPLETE
824,1588181249248,COMPLETE
825,1570946408592,COMPLETE
826,1555931326551,COMPLETE
827,1541085871372,COMPLETE
828,1523232702673,COMPLETE
829,1570892747953,COMPLETE
830,1590158047066,COMPLETE
831,1522763550059,COMPLETE
832,1517246516840,COMPLETE
833,1530125407380,COMPLETE
834,1608932980781,COMPLETE
835,1558756415065,COMPLETE
836,1594817582959,COMPLETE
837,1547659776050,COMPLETE
838,1555935597543,COMPLETE
839,1563291190381,COMPLETE
840,1540466265718,COMPLETE
841,1516436323544,COMPLETE
842,1585415449085,COMPLETE
843,1561269778512,COMPLETE
844,1541553427191,COMPLETE
845,1522594946904,COMPLETE
846,1600665120506,COMPLETE
847,1531069456441,COMPLETE
848,1588746654224,COMPLETE
849,1547240746410,COMPLETE
850,1559064886530,COMPLETE
851,1583176102148,COMPLETE
852,1564212717759,COMPLETE
853,1578178011559,COMPLETE
854,1603359638316,COMPLETE
855,1569574602233,COMPLETE
856,1605203871089,COMPLETE
857,1558684303277,COMPLETE
858,1590033431255,COMPLETE
859,1534496686404,COMPLETE
860,1591447682784,COMPLETE
861,1597274452613,COMPLETE
862,1568191534598,COMPLETE
863,1564915752991,COMPLETE
864,1552274001438,COMPLETE
865,1606343915793,COMPLETE
866,1537376499123,COMPLETE
867,1546256848336,COMPLETE
868,1549704253883,COMPLETE
869,1567251888582,COMPLETE
870,1613814233260,COMPLETE
871,1519670309240,COMPLETE
872,1540954418792,COMPLETE
873,1577636619787,COMPLETE
874,1531495858784,COMPLETE
875,1604872793099,COMPLETE
876,1567425261142,COMPLETE
877,1604090029646,COMPLETE
878,1545057905222,COMPLETE
879,1584380932141,COMPLETE
880,1538701014570,COMPLETE
881,1588009784852,COMPLETE
882,1587165623717,COMPLETE
883,1538294109485,COMPLETE
884,1592747795619,COMPLETE
885,1552084595987,COMPLETE
886,1527582277642,COMPLETE
887,1550774951089,COMPLETE
888,1592290755293,COMPLETE
889,1595353672024,COMPLETE
890,1559702199251,COMPLETE
891,1562906309038,COMPLETE
892,1606959782878,COMPLETE
893,1595210665721,COMPLETE
894,1529960841863,COMPLETE
895,1579009251431,COMPLETE
896,1526760441633,COMPLETE
897,1588596049426,COMPLETE
898,1594289213689,COMPLETE
899,1549231490290,COMPLETE
900,1585741845530,COMPLETE
901,1520706227817,COMPLETE
902,1604235083531,COMPLETE
903,1521138575298,COMPLETE
904,1541457965573,COMPLETE
905,1597557404852,COMPLETE
906,1515868360342,COMPLETE
907,1582117594290,COMPLETE
908,1551175549858,COMPLETE
909,1533135046381,COMPLETE
910,1526245456058,COMPLETE
911,1522038367735,COMPLETE
912,1594821938242,COMPLETE
913,1531913544592,COMPLETE
914,1583167709873,COMPLETE
915,1572364877874,COMPLETE
916,1569904905294,COMPLETE
917,1562230567293,COMPLETE
918,1613596755646,COMPLETE
919,1553632851042,COMPLETE
920,1568421942268,COMPLETE
921,1527509270504,COMPLETE
922,1544281121810,COMPLETE
923,1552894709608,COMPLETE
924,1598624464441,COMPLETE
925,1543600953403,COMPLETE
926,1582493888108,COMPLETE
927,1554396290395,COMPLETE
928,1532749241029,COMPLETE
929,1569971395664,COMPLETE
930,1567203543537,COMPLETE
931,1515872178321,COMPLETE
932,1582238577947,COMPLETE
933,1587492956571,COMPLETE
934,1585618768548,COMPLETE
935,1521916896914,COMPLETE
936,1529222679365,COMPLETE
937,1561664758080,COMPLETE
938,1590694464782,COMPLETE
939,1537634633961,COMPLETE
940,1564075055380,COMPLETE
941,1536749079358,COMPLETE
942,1586287428982,COMPLETE
943,1520642531880,COMPLETE
944,1521047780588,COMPLETE
945,1532026009877,COMPLETE
946,1520563815920,COMPLETE
947,1598531880382,COMPLETE
948,1596115928362,COMPLETE
949,1596434796706,COMPLETE
950,1601264900151,COMPLETE
951,1564862640909,COMPLETE
952,1580875724929,COMPLETE
953,1524293769718,COMPLETE
954,1528497286451,COMPLETE
955,1543067672788,COMPLETE
956,1576868881979,COMPLETE
957,1604405415575,COMPLETE
958,1612382316591,COMPLETE
959,1550626972726,COMPLETE
960,1607095626397,COMPLETE
961,1521464565814,COMPLETE
962,1531572110563,COMPLETE
963,1561126892569,COMPLETE
964,1599242202363,COMPLETE
965,1534132577468,COMPLETE
966,1598238982882,COMPLETE
967,1564207319914,COMPLETE
968,1538088799570,COMPLETE
969,1558129459601,COMPLETE
970,1523918490678,COMPLETE
971,1588827287976,COMPLETE
972,1545303375676,COMPLETE
973,1596618509873,COMPLETE
974,1521356693656,COMPLETE
975,1583014362613,COMPLETE
976,1538196961510,COMPLETE
977,1595544853065,COMPLETE
978,1541732947250,COMPLETE
979,1520365729472,COMPLETE
980,1547364135836,COMPLETE
981,1604858661012,COMPLETE
982,1529686118774,COMPLETE
983,1589667844579,COMPLETE
984,1570378349863,COMPLETE
985,1542558932734,COMPLETE
986,1574106144074,COMPLETE
987,1582470661102,COMPLETE
988,1547218938924,COMPLETE
989,1597099945763,COMPLETE
990,1521675733292,COMPLETE
991,1538737933304,COMPLETE
992,1519134143000,COMPLETE
993,1577198749634,COMPLETE
994,1581363930657,COMPLETE
995,1545902827473,COMPLETE
996,1599971490402,COMPLETE
997,1523640251620,COMPLETE
998,1539277380072,COMPLETE
999,1514975089001,COMPLETE
1000,1598850952513,COMPLETE
1001,1563870600918,COMPLETE
1002,1602069006445,COMPLETE
1003,1589714114371,COMPLETE
1004,1603581783945,COMPLETE
1005,1567252261151,COMPLETE
1006,1587106412558,COMPLETE
1007,1524405001621,COMPLETE
1008,1562688740541,COMPLETE
1009,1598126576261,COMPLETE
1010,1599579347782,COMPLETE
1011,1612671911060,COMPLETE
1012,1599839491720,COMPLETE
1013,1521391566845,COMPLETE
1014,1525056300449,COMPLETE
1015,1569176876684,COMPLETE
1016,1568963699834,COMPLETE
1017,1568929147652,COMPLETE
1018,1565434271963,COMPLETE
1019,1515545664733,COMPLETE
1020,1584711480318,COMPLETE
1021,1577292170033,COMPLETE
1022,1581467831536,COMPLETE
1023,1613251643422,COMPLETE
1024,1552486230207,COMPLETE
1025,1558084002604,COMPLETE
1026,1588667018020,COMPLETE
1027,1567930154547,COMPLETE
1028,1587953368518,COMPLETE
1029,1584089565904,COMPLETE
1030,1577662192791,COMPLETE
1031,1589954546261,COMPLETE
1032,1560730703387,COMPLETE
1033,1531995576581,COMPLETE
1034,1595923955357,COMPLETE
1035,1565334776910,COMPLETE
1036,1585215686707,COMPLETE
1037,1570160672644,COMPLETE
1038,1605765934680,COMPLETE
1039,1554974205168,COMPLETE
1040,1598963769332,COMPLETE
1041,1534908987670,COMPLETE
1042,1527249444734,COMPLETE
1043,1602760968431,COMPLETE
1044,1584284586928,COMPLETE
1045,1605928369930,COMPLETE
1046,1538246462705,COMPLETE
1047,1614341227205,COMPLETE
1048,1540372145214,COMPLETE
1049,1563194800253,COMPLETE
1050,1526072196261,COMPLETE
1051,1523194602525,COMPLETE
1052,1568354276073,COMPLETE
1053,1588694690773,COMPLETE
1054,1549101565168,COMPLETE
1055,1577032837958,COMPLETE
1056,1548612698065,COMPLETE
1057,1547386961328,COMPLETE
1058,1608335065030,COMPLETE
1059,1570351049985,COMPLETE
1060,1604102191275,COMPLETE
1061,1535078684845,COMPLETE
1062,1592564783502,COMPLETE
1063,1538285298056,COMPLETE
1064,1552908321850,COMPLETE
1065,1575833900354,COMPLETE
1066,1518263527436,COMPLETE
1067,1520332002361,COMPLETE
1068,1583444507542,COMPLETE
1069,1555153525201,COMPLETE
1070,1524410091486,COMPLETE
1071,1601947297793,COMPLETE
1072,1518143547394,COMPLETE
1073,1536969614723,COMPLETE
1074,1519407743905,COMPLETE
1075,1573275910270,COMPLETE
1076,1596337806495,COMPLETE
1077,1576132455803,COMPLETE
1078,1515545483425,COMPLETE
1079,1587485163984,COMPLETE
1080,1548031311880,COMPLETE
1081,1585352417383,COMPLETE
1082,1612775967425,COMPLETE
1083,1593233345946,COMPLETE
1084,1595347641984,COMPLETE
1085,1536808431715,COMPLETE
1086,1519276710029,COMPLETE
1087,1539144991466,COMPLETE
1088,1543581923838,COMPLETE
1089,1599520913779,COMPLETE
1090,1579183384043,COMPLETE
1091,1600674274306,COMPLETE
1092,1594023547149,COMPLETE
1093,1531184294535,COMPLETE
1094,1516628254139,COMPLETE
1095,1610443827305,COMPLETE
1096,1571402183467,COMPLETE
1097,1531091840131,COMPLETE
1098,1611390872434,COMPLETE
1099,1561688019863,COMPLETE
1100,1584095451467,COMPLETE
1101,1570215192334,COMPLETE
1102,1523202820582,COMPLETE
1103,1559240048685,COMPLETE
1104,1559307757655,COMPLETE
1105,1523954720285,COMPLETE
1106,1567031036785,COMPLETE
1107,1570949533902,COMPLETE
1108,1532083386219,COMPLETE
1109,1558593554634,COMPLETE
1110,1533132512040,COMPLETE
1111,1546172169045,COMPLETE
1112,1591905042630,COMPLETE
1113,1558998273294,COMPLETE
1114,1582675716703,COMPLETE
1115,1588730996291,COMPLETE
1116,1566508867620,COMPLETE
1117,1538288872130,COMPLETE
1118,1564827420440,COMPLETE
1119,1574084782787,COMPLETE
1120,1551464671848,COMPLETE
1121,1520658418325,COMPLETE
1122,1537328532452,COMPLETE
1123,1613711017203,COMPLETE
1124,1544444270437,COMPLETE
1125,1560784683199,COMPLETE
1126,1541234231402,COMPLETE
1127,1574848159617,COMPLETE
1128,1526670970010,COMPLETE
1129,1603073907685,COMPLETE
1130,1605439022027,COMPLETE
1131,1566760119059,COMPLETE
1132,1584885052789,COMPLETE
1133,1538052288426,COMPLETE
1134,1538893176178,COMPLETE
1135,1516066018744,COMPLETE
1136,1524600787126,COMPLETE
1137,1606121367890,COMPLETE
1138,1614534053622,COMPLETE
1139,1596599995237,COMPLETE
1140,1566505470427,COMPLETE
1141,1536913363635,COMPLETE
1142,1555170146241,COMPLETE
1143,1562587617954,COMPLETE
1144,1535208363400,COMPLETE
1145,1526088200953,COMPLETE
1146,1518737345113,COMPLETE
1147,1593699390000,COMPLETE
1148,1576686063926,COMPLETE
1149,1588637110892,COMPLETE
1150,1595389668344,COMPLETE
1151,1590468066626,COMPLETE
1152,1522853688760,COMPLETE
1153,1564354387994,COMPLETE
1154,1571718184846,COMPLETE
1155,1561801476274,COMPLETE
1156,1545675705094,COMPLETE
1157,1613421676054,COMPLETE
1158,1517375874489,COMPLETE
1159,1549157908434,COMPLETE
1160,1589855644217,COMPLETE
1161,1599277083042,COMPLETE
1162,1578159267842,COMPLETE
1163,1574673090713,COMPLETE
1164,1562590095572,COMPLETE
1165,1538309394813,COMPLETE
1166,1577984510668,COMPLETE
1167,1571404131173,COMPLETE
1168,1560288479647,COMPLETE
1169,1582917003337,COMPLETE
1170,1579551284867,COMPLETE
1171,1554852203117,COMPLETE
1172,1613413626107,COMPLETE
1173,1530363202817,COMPLETE
1174,1576951053578,COMPLETE
1175,1569021350694,COMPLETE
1176,1610276118748,COMPLETE
1177,1573899590361,COMPLETE
1178,1522746206376,COMPLETE
1179,1554704526109,COMPLETE
1180,1588303634070,COMPLETE
1181,1597702374561,COMPLETE
1182,1593183810707,COMPLETE
1183,1594997317972,COMPLETE
1184,1544929958485,COMPLETE
1185,1566589235930,COMPLETE
1186,1515565441679,COMPLETE
1187,1547592130327,COMPLETE
1188,1538641737836,COMPLETE
1189,1553798470822,COMPLETE
1190,1588805920171,COMPLETE
1191,1529003395804,COMPLETE
1192,1527110051613,COMPLETE
1193,1523892365635,COMPLETE
1194,1518925293794,COMPLETE
1195,1517967198659,COMPLETE
1196,1579147072103,COMPLETE
1197,1542344888520,COMPLETE
1198,1569032995187,COMPLETE
1199,1568529359031,COMPLETE
1200,1552100894169,COMPLETE