Product Id,Image Id
1,84
2,85
3,86
4,87
5,88
6,89
7,90
8,91
9,58
22,119
22,222
22,223
23,119
23,222
23,223
24,119
24,222
24,223
25,119
25,222
25,223
26,119
26,222
26,223
33,119
33,222
33,223
34,119
34,222
34,223
36,224
36,225
36,226
36,227
37,224
37,225
37,226
37,227
38,224
38,225
38,226
38,227
43,200
43,201
49,224
49,225
49,226
49,227
50,224
50,225
50,226
50,227
51,224
51,225
51,226
51,227
52,224
52,225
52,226
52,227
53,157
53,228
54,157
54,228
56,224
56,225
56,226
56,227
61,205
61,206
61,207
61,208
62,205
62,206
62,207
62,208
63,209
63,210
63,211
65,212
65,213
65,214
66,215
66,216
66,217
67,215
67,216
67,217
72,224
72,225
72,226
72,227
73,224
73,225
73,226
73,227
75,224
75,225
75,226
75,227
76,224
76,225
76,226
76,227
86,224
86,225
86,226
86,227
92,224
92,225
92,226
92,227
95,68
96,71
97,96
98,96
106,218
106,219
106,220
106,221
107,218
107,219
107,220
107,221
108,218
108,219
108,220
108,221
109,218
109,219
109,220
109,221
110,218
110,219
110,220
110,221
112,119
112,222
112,223
113,119
113,222
113,223
114,119
114,222
114,223
115,119
115,222
115,223
116,119
116,222
116,223
117,119
117,222
117,223
118,119
118,222
118,223
119,119
119,222
119,223
120,119
120,222
120,223
121,119
121,222
121,223
122,119
122,222
122,223
123,119
123,222
123,223
124,119
124,222
124,223
136,135
136,224
136,225
136,226
136,227
137,135
137,224
137,225
137,226
137,227
138,135
138,224
138,225
138,226
138,227
139,135
139,224
139,225
139,226
139,227
140,135
140,224
140,225
140,226
140,227
141,135
141,224
141,225
141,226
141,227
142,135
142,224
142,225
142,226
142,227
143,135
143,224
143,225
143,226
143,227
144,135
144,224
144,225
144,226
144,227
146,194
146,195
146,196
151,197
151,198
151,199
156,152
158,157
158,228
159,157
159,228
163,202
163,203
163,204
164,202
164,203
164,204
165,202
165,203
165,204
166,202
166,203
166,204
187,1
188,2
189,3
190,4
191,5
192,6
193,12
194,13
195,14
196,20
197,20
198,21
199,23
200,24
201,25
202,26
203,33
204,36
205,36
206,37
207,38
208,39
209,39
210,43
211,44
212,45
212,218
212,219
212,220
212,221
213,45
213,218
213,219
213,220
213,221
214,45
214,218
214,219
214,220
214,221
215,46
216,48
217,50
220,53
221,54
222,54
223,54
224,54
225,54
226,54
227,55
228,56
229,57
230,58
231,73
232,67
233,68
234,69
235,70
236,71
237,71
238,74
239,75
240,77
241,78
242,79
243,80
244,82
245,83
246,93
247,94
248,97
249,98
250,99
251,101
252,102
253,103
286,202
286,203
286,204
310,16
311,17
312,18
313,19
314,22
315,32
316,92
331,7
332,8
332,188
332,189
332,190
333,9
334,10
335,11
336,15
336,191
336,192
336,193
337,27
338,28
339,29
340,30
341,31
342,34
343,35
344,36
345,40
346,40
347,41
348,42
349,45
349,218
349,219
349,220
349,221
350,45
350,218
350,219
350,220
350,221
351,45
351,218
351,219
351,220
351,221
352,47
353,47
354,47
355,49
356,49
357,49
358,49
359,49
360,49
361,49
362,49
363,49
364,49
365,51
367,59
368,60
369,61
370,62
371,63
372,64
373,65
374,71
375,71
376,73
377,76
378,81
379,95
380,100
384,119
384,222
384,223
385,119
385,222
385,223
386,119
386,222
386,223
387,119
387,222
387,223
388,119
388,222
388,223
389,119
389,222
389,223
390,119
390,222
390,223
391,119
391,222
391,223
392,119
392,222
392,223
393,119
393,222
393,223
